年度,設立別,學校類別,學校統計處代碼,學校名稱,專任教師數,全校總經費(單位：元),學校承接計畫經費(單位：元)-小計,學校承接計畫經費(單位：元)-政府部門資助,學校承接計畫經費(單位：元)-企業部門資助,學校承接計畫經費(單位：元)-其他單位資助,承接計畫總經費佔全校總經費比率(%),專任教師每師平均承接計畫總經費(單位：元)
105,公立,一般大學,0001,國立政治大學,731,3892196738,706851130,688508830,5237508,13104792,18.16,966964.61
105,公立,一般大學,0002,國立清華大學,655,5335618621,2438987453,2025384831,224994194,188608428,45.71,3723644.97
105,公立,一般大學,0003,國立臺灣大學,2056,15581301000,8374524052,7453064604,467685930,453773518,53.75,4073212.09
105,公立,一般大學,0004,國立臺灣師範大學,820,5323549431,2153220812,2057690705,59314620,36215487,40.45,2625879.04
105,公立,一般大學,0005,國立成功大學,1342,8199388961,4507284824,3942279453,293672112,271333259,54.97,3358632.51
105,公立,一般大學,0006,國立中興大學,771,4495382862,1578036709,1291106843,238821346,48108520,35.10,2046740.22
105,公立,一般大學,0007,國立交通大學,729,5570296093,3118026781,2659607205,298036116,160383460,55.98,4277128.64
105,公立,一般大學,0008,國立中央大學,655,4634718625,2561487706,2149848301,106503262,305136143,55.27,3910668.25
105,公立,一般大學,0009,國立中山大學,515,3348703557,1372027868,1145038351,77976780,149012737,40.97,2664131.78
105,公立,一般大學,0012,國立臺灣海洋大學,415,2294020737,929604619,736796218,130460599,62347802,40.52,2240011.13
105,公立,一般大學,0013,國立中正大學,536,2496756000,804946905,688085210,116404933,456762,32.24,1501766.61
105,公立,一般大學,0014,國立高雄師範大學,293,1340513373,259490572,249291089,7169483,3030000,19.36,885633.35
105,公立,一般大學,0015,國立彰化師範大學,377,1587467331,365242821,351941821,9476000,3825000,23.01,968813.85
105,公立,一般大學,0016,國立陽明大學,404,2520058529,1101848949,1028398746,69100203,4350000,43.72,2727348.88
105,公立,一般大學,0017,國立臺北大學,369,1583853362,275765016,254999052,8391736,12374228,17.41,747330.67
105,公立,一般大學,0018,國立嘉義大學,519,2279340553,435777790,358156840,60437365,17183585,19.12,839648.92
105,公立,一般大學,0019,國立高雄大學,236,969965426,207363447,186142444,15316621,5904382,21.38,878658.67
105,公立,一般大學,0020,國立東華大學,492,2247980412,394809145,356875559,36257586,1676000,17.56,802457.61
105,公立,一般大學,0021,國立暨南國際大學,266,1255100350,308109572,291720381,9471332,6917859,24.55,1158306.66
105,公立,技專校院,0022,國立臺灣科技大學,462,2893739558,1374654023,1051831293,245843390,76979340,47.50,2975441.61
105,公立,技專校院,0023,國立雲林科技大學,370,2167332126,972132204,871451867,77014862,23665475,44.85,2627384.34
105,公立,技專校院,0024,國立屏東科技大學,398,2123505548,716232011,624190603,92041408,0,33.73,1799577.92
105,公立,技專校院,0025,國立臺北科技大學,445,3423779919,548038514,359755475,151588804,36694235,16.01,1231547.22
105,公立,技專校院,0026,國立高雄第一科技大學,266,1563000040,564151638,482135168,51418945,30597525,36.09,2120870.82
105,公立,技專校院,0027,國立高雄應用科技大學,355,1822635791,228501213,165724250,44460137,18316826,12.54,643665.39
105,公立,一般大學,0028,國立臺北藝術大學,163,767550000,148870495,123646390,196764,25027341,19.40,913315.92
105,公立,一般大學,0029,國立臺灣藝術大學,160,958322720,90645908,81607277,3771706,5266925,9.46,566536.93
105,公立,一般大學,0030,國立臺東大學,186,938980781,191067133,178977907,5368000,6721226,20.35,1027242.65
105,公立,一般大學,0031,國立宜蘭大學,233,1153046917,240693112,202029287,28929225,9734600,20.87,1033017.65
105,公立,一般大學,0032,國立聯合大學,292,1126568688,171401655,129409292,22976410,19015953,15.21,586991.97
105,公立,技專校院,0033,國立虎尾科技大學,330,1553903139,500767295,399006261,79043165,22717869,32.23,1517476.65
105,公立,技專校院,0034,國立高雄海洋科技大學,234,1187805003,331246448,175737018,140964225,14545205,27.89,1415583.11
105,公立,一般大學,0035,國立臺南藝術大學,106,499927483,68906543,63336949,1060000,4509594,13.78,650061.73
105,公立,一般大學,0036,國立臺南大學,242,204645878,204645878,187520520,17117858,7500,100,845644.12
105,公立,一般大學,0037,國立臺北教育大學,224,1147261253,194329935,172943641,21386294,0,16.94,867544.35
105,公立,一般大學,0038,國立新竹教育大學,179,829263134,100894419,96217106,1022908,3654405,12.17,563655.97
105,公立,一般大學,0039,國立臺中教育大學,198,1054114963,288882629,281885605,6997024,0,27.41,1459003.18
105,公立,技專校院,0042,國立澎湖科技大學,123,537351334,96187857,95677857,510000,0,17.90,782015.10
105,公立,技專校院,0043,國立勤益科技大學,286,1391949842,317581302,275784134,32242438,9554730,22.82,1110424.13
105,公立,一般大學,0044,國立體育大學,92,598194458,84326295,66681450,8631517,9013328,14.10,916590.16
105,公立,技專校院,0046,國立臺北護理健康大學,171,731295718,131277159,124006859,5860258,1410042,17.95,767702.68
105,公立,技專校院,0047,國立高雄餐旅大學,149,753517915,212003598,194358404,15827870,1817324,28.14,1422842.94
105,公立,一般大學,0048,國立金門大學,145,591069682,22757753,22682753,75000,0,3.85,156950.02
105,公立,一般大學,0049,國立臺灣體育運動大學,103,550596493,23686461,14378190,4735819,4572452,4.30,229965.64
105,公立,技專校院,0050,國立臺中科技大學,403,1666168967,107491703,83626264,15736325,8129114,6.45,266728.79
105,公立,技專校院,0051,國立臺北商業大學,206,105436878,101214006,86724437,11077578,3411991,95.99,491330.13
105,公立,一般大學,0052,國立屏東大學,341,1400105975,242943927,229891088,4050363,9002476,17.35,712445.53
105,公立,技專校院,0144,國立臺灣戲曲學院,34,532574141,10539859,1243400,2424412,6872047,1.98,309995.85
105,公立,技專校院,0221,國立臺南護理專科學校,88,271192895,29162875,23892875,5210000,60000,10.75,331396.31
105,公立,技專校院,0222,國立臺東專科學校,63,443714205,31545866,30900366,495500,150000,7.11,500728.03
105,私立,一般大學,1001,東海大學,541,2623724332,319226914,277404342,14487721,27334851,12.17,590068.23
105,私立,一般大學,1002,輔仁大學,712,4066929135,256759708,214209936,6782705,35767067,6.31,360617.57
105,私立,一般大學,1003,東吳大學,442,2223874618,191960454,165388566,11927262,14644626,8.63,434299.67
105,私立,一般大學,1004,中原大學,505,3008417025,685899823,509824699,114386101,61689023,22.80,1358217.47
105,私立,一般大學,1005,淡江大學,796,3702530232,526841780,461526300,46294192,19021288,14.23,661861.53
105,私立,一般大學,1006,中國文化大學,757,3743429163,209832955,186820699,14826578,8185678,5.61,277190.17
105,私立,一般大學,1007,逢甲大學,657,3848547716,1046949869,931327621,73949810,41672438,27.20,1593531
105,私立,一般大學,1008,靜宜大學,374,1734694578,337342278,304392246,31376649,1573383,19.45,901984.70
105,私立,一般大學,1009,長庚大學,619,3946661606,865162133,657373207,192777831,15011095,21.92,1397677.11
105,私立,一般大學,1010,元智大學,318,1861249653,385130515,325721470,28287808,31121237,20.69,1211102.25
105,私立,一般大學,1011,中華大學,278,1227912977,124061112,94248150,22304139,7508823,10.10,446262.99
105,私立,一般大學,1012,大葉大學,338,1705869267,258879205,227794068,24464757,6620380,15.18,765914.81
105,私立,一般大學,1013,華梵大學,120,479897590,22475766,20995066,1420700,60000,4.68,187298.05
105,私立,一般大學,1014,義守大學,501,2605840299,366216130,256103594,58492234,51620302,14.05,730970.32
105,私立,一般大學,1015,世新大學,319,1881916621,288788437,258093180,15407680,15287577,15.35,905292.91
105,私立,一般大學,1016,銘傳大學,593,2767599072,192510320,175313575,11278875,5917870,6.96,324637.98
105,私立,一般大學,1017,實踐大學,410,1905371595,166390858,154226732,7817038,4347088,8.73,405831.36
105,私立,技專校院,1018,朝陽科技大學,407,2310666655,328099625,244086990,56085849,27926786,14.20,806141.58
105,私立,一般大學,1019,高雄醫學大學,563,2950911217,780852772,599180565,161855877,19816330,26.46,1386949.86
105,私立,一般大學,1020,南華大學,225,1921729053,65272384,63317728,1954656,0,3.40,290099.48
105,私立,一般大學,1021,真理大學,294,931404879,41266138,41266138,0,0,4.43,140361.01
105,私立,一般大學,1022,大同大學,176,807099788,163423421,136593515,22045506,4784400,20.25,928542.16
105,私立,技專校院,1023,南臺學校財團法人南臺科技大學,576,3035482295,598537625,437209776,117847208,43480641,19.72,1039127.82
105,私立,技專校院,1024,崑山科技大學,376,1767797774,417320596,366653185,36915740,13751671,23.61,1109895.20
105,私立,技專校院,1025,嘉藥學校財團法人嘉南藥理大學,493,2064405697,210873752,158060525,51776850,1036377,10.21,427735.81
105,私立,技專校院,1026,樹德科技大學,282,1462750893,185210392,166463974,14813285,3933133,12.66,656774.44
105,私立,一般大學,1027,慈濟學校財團法人慈濟大學,257,1407859048,355176948,130099696,4857862,220219390,25.23,1382011.47
105,私立,一般大學,1028,臺北醫學大學,580,3616058789,1072400809,901775064,146025364,24600381,29.66,1848966.91
105,私立,一般大學,1029,中山醫學大學,417,1815980648,414048871,264028784,33443820,116576267,22.80,992922.95
105,私立,技專校院,1030,龍華科技大學,244,1286874687,223249125,187519469,25305106,10424550,17.35,914955.43
105,私立,技專校院,1031,輔英科技大學,340,1234896126,107950910,98225380,2559174,7166356,8.74,317502.68
105,私立,技專校院,1032,明新學校財團法人明新科技大學,375,1353694409,109532035,87147488,17144498,5240049,8.09,292085.43
105,私立,一般大學,1033,長榮大學,343,1324076232,136092834,100062745,16412563,19617526,10.28,396772.11
105,私立,技專校院,1034,弘光科技大學,328,1638733333,313465176,239189215,68857032,5418929,19.13,955686.51
105,私立,一般大學,1035,中國醫藥大學,508,4032740370,995739434,520981899,458179094,16578441,24.69,1960117
105,私立,技專校院,1036,健行學校財團法人健行科技大學,325,1308637419,139400973,118944264,11553509,8903200,10.65,428926.07
105,私立,技專校院,1037,正修學校財團法人正修科技大學,440,2209844176,461995808,267737985,166153725,28104098,20.91,1049990.47
105,私立,技專校院,1038,萬能學校財團法人萬能科技大學,249,1198237394,51991993,36631583,12231410,3129000,4.34,208803.18
105,私立,一般大學,1039,玄奘大學,158,695035775,104577374,98750012,3301490,2525872,15.05,661882.11
105,私立,技專校院,1040,建國科技大學,275,934029581,90641229,71752815,13987169,4901245,9.70,329604.47
105,私立,技專校院,1041,明志科技大學,197,1983795246,216319033,157269241,56181456,2868336,10.90,1098066.16
105,私立,技專校院,1042,高苑科技大學,269,907962944,172485408,160769043,8064160,3652205,19,641209.70
105,私立,技專校院,1043,大仁科技大學,271,917985340,113670785,94388651,14693046,4589088,12.38,419449.39
105,私立,技專校院,1044,聖約翰科技大學,194,706404884,74737303,65231171,6555692,2950440,10.58,385243.83
105,私立,技專校院,1045,嶺東科技大學,268,1184799608,91374091,70713944,17921147,2739000,7.71,340948.10
105,私立,技專校院,1046,中國科技大學,312,1385538991,127617666,115995868,3925222,7696576,9.21,409030.98
105,私立,技專校院,1047,中臺科技大學,263,1079026280,124591328,115912642,3479936,5198750,11.55,473731.29
105,私立,一般大學,1048,亞洲大學,395,1918265942,366472751,320136079,22946210,23390462,19.10,927779.12
105,私立,一般大學,1049,開南大學,272,1014467510,45713196,36242331,2027200,7443665,4.51,168063.22
105,私立,一般大學,1050,佛光大學,175,748586157,83121209,77661189,3810020,1650000,11.10,474978.34
105,私立,技專校院,1051,台南家專學校財團法人台南應用科技大學,330,1479346054,130894418,102389940,20169165,8335313,8.85,396649.75
105,私立,技專校院,1052,遠東科技大學,243,1074339424,222152531,178002782,39551629,4598120,20.68,914207.95
105,私立,技專校院,1053,光宇學校財團法人元培醫事科技大學,221,898803287,79829468,66824051,9139203,3866214,8.88,361219.31
105,私立,技專校院,1054,景文科技大學,230,868011026,123906638,85149230,27947746,10809662,14.27,538724.51
105,私立,技專校院,1055,中華醫事科技大學,296,1014950903,43517719,23569603,11405100,8543016,4.29,147019.32
105,私立,技專校院,1056,東南科技大學,223,850394435,66759127,52594372,12034635,2130120,7.85,299368.28
105,私立,技專校院,1057,德明財經科技大學,240,1089441091,106767893,61241957,30388263,15137673,9.80,444866.22
105,私立,一般大學,1058,明道學校財團法人明道大學,146,861309448,33400474,29256724,2000341,2143409,3.88,228770.37
105,私立,技專校院,1060,南開科技大學,198,717997058,102152942,87609631,13455311,1088000,14.23,515923.95
105,私立,技專校院,1061,中華學校財團法人中華科技大學,251,925552613,78355735,62195615,15060120,1100000,8.47,312174.24
105,私立,技專校院,1062,僑光科技大學,228,1206355788,89387715,74011378,13544900,1831437,7.41,392051.38
105,私立,技專校院,1063,廣亞學校財團法人育達科技大學,137,588964355,104342769,87846495,7550810,8945464,17.72,761626.05
105,私立,技專校院,1064,美和學校財團法人美和科技大學,241,839891520,84800217,75662587,6091780,3045850,10.10,351868.12
105,私立,技專校院,1065,吳鳳科技大學,159,691346053,54192748,44463715,8958848,770185,7.84,340834.89
105,私立,技專校院,1066,環球學校財團法人環球科技大學,182,702160916,52023817,43799457,6198000,2026360,7.41,285845.15
105,私立,一般大學,1067,台灣首府學校財團法人台灣首府大學,123,442734514,16906804,16084864,524440,297500,3.82,137453.69
105,私立,技專校院,1068,中州學校財團法人中州科技大學,137,545449456,47090256,41962713,3667343,1460200,8.63,343724.50
105,私立,技專校院,1069,修平學校財團法人修平科技大學,225,800198129,101629974,86612966,15017008,0,12.70,451688.77
105,私立,技專校院,1070,長庚學校財團法人長庚科技大學,354,1728185040,193652875,115329383,16321641,62001851,11.21,547042.02
105,私立,技專校院,1071,城市學校財團法人臺北城市科技大學,249,1062541844,44108231,28610470,13050884,2446877,4.15,177141.49
105,私立,技專校院,1072,大華學校財團法人大華科技大學,119,431105886,30295538,25781605,3331933,1182000,7.03,254584.35
105,私立,技專校院,1073,醒吾學校財團法人醒吾科技大學,244,968024620,71460066,44918963,21503449,5037654,7.38,292869.12
105,私立,技專校院,1074,南榮學校財團法人南榮科技大學,110,326724395,20524274,14387108,5172666,964500,6.28,186584.31
105,私立,技專校院,1075,文藻學校財團法人文藻外語大學,272,1097772145,110110072,95159740,5672120,9278212,10.03,404816.44
105,私立,技專校院,1076,華夏學校財團法人華夏科技大學,171,570000000,64618867,57319238,7219629,80000,11.34,377888.11
105,私立,技專校院,1077,慈濟學校財團法人慈濟科技大學,150,687024616,26661284,18821197,6520567,1319520,3.88,177741.89
105,私立,技專校院,1078,致理學校財團法人致理科技大學,268,1162423672,111690011,96635559,12374452,2680000,9.61,416753.77
105,私立,一般大學,1079,康寧學校財團法人康寧大學,171,493153796,21793256,17167228,1580000,3046028,4.42,127445.94
105,私立,一般大學,1125,中信學校財團法人中信金融管理學院,27,181251139,450000,300000,0,150000,0.25,16666.67
105,私立,技專校院,1148,大漢技術學院,51,159186500,5047690,3322190,1665500,60000,3.17,98974.31
105,私立,技專校院,1159,和春技術學院,124,358436273,48601889,37558019,11043870,0,13.56,391950.72
105,私立,技專校院,1166,亞東技術學院,171,931179185,70214326,55475750,8228576,6510000,7.54,410610.09
105,私立,技專校院,1168,南亞科技學校財團法人南亞技術學院,161,608556498,47090496,34984162,12106334,0,7.74,292487.55
105,私立,一般大學,1176,稻江科技暨管理學院,63,336441956,15412563,12901703,2117500,393360,4.58,244643.86
105,私立,技專校院,1179,德霖技術學院,203,694230830,28629509,12603435,15525074,501000,4.12,141032.06
105,私立,技專校院,1182,蘭陽技術學院,98,311885713,6556350,3210350,975000,2371000,2.10,66901.53
105,私立,技專校院,1183,黎明技術學院,147,533557120,32429065,28508065,3866000,55000,6.08,220605.88
105,私立,技專校院,1184,東方設計學院,155,491882692,32007380,13347698,17961882,697800,6.51,206499.23
105,私立,技專校院,1185,經國管理暨健康學院,136,479580950,66985190,62231928,4539262,214000,13.97,492538.16
105,私立,技專校院,1187,崇右技術學院,104,401315341,22104920,15309620,6795300,0,5.51,212547.31
105,私立,技專校院,1188,大同技術學院,69,266600580,25172826,22248826,2774000,150000,9.44,364823.57
105,私立,技專校院,1189,亞太學校財團法人亞太創意技術學院,71,480000,1015000,1015000,0,0,211.46,14295.77
105,私立,技專校院,1192,臺灣觀光學院,47,170026525,4114050,2977050,327000,810000,2.42,87532.98
105,私立,一般大學,1195,馬偕學校財團法人馬偕醫學院,107,237783995,46612251,43161251,2025000,1426000,19.60,435628.51
105,私立,一般大學,1196,法鼓學校財團法人法鼓文理學院,21,2564260,4004260,1440000,0,2564260,156.16,190679.05
105,私立,技專校院,1197,台北海洋技術學院,174,681509292,71090019,61685222,5186157,4218640,10.43,408563.33
105,私立,技專校院,1282,馬偕學校財團法人馬偕醫護管理專科學校,140,478338914,38265138,36062116,1983022,220000,8,273322.41
105,私立,技專校院,1283,仁德醫護管理專科學校,208,571929935,47529058,46729058,500000,300000,8.31,228505.09
105,私立,技專校院,1284,樹人醫護管理專科學校,213,628994261,64966557,62197877,1283700,1484980,10.33,305007.31
105,私立,技專校院,1285,慈惠醫護管理專科學校,171,582280716,37594799,36854569,390200,350030,6.46,219852.63
105,私立,技專校院,1286,耕莘健康管理專科學校,174,528749251,75957768,73468868,2081353,407547,14.37,436538.90
105,私立,技專校院,1287,敏惠醫護管理專科學校,127,62257765,51443064,48836014,2607050,0,82.63,405063.50
105,私立,技專校院,1288,高美醫護管理專科學校,32,91353865,0,0,0,0,0,0
105,私立,技專校院,1289,育英醫護管理專科學校,74,183063173,43118520,42119320,500000,499200,23.55,582682.70
105,私立,技專校院,1290,崇仁醫護管理專科學校,121,315259765,66476960,66357231,0,119729,21.09,549396.36
105,私立,技專校院,1291,聖母醫護管理專科學校,115,336355500,69213205,67116670,1696535,400000,20.58,601853.96
105,私立,技專校院,1292,新生醫護管理專科學校,190,521830860,29312402,28612402,700000,0,5.62,154275.80
105,私立,宗教研修學院,1R02,學校財團法人中華浸信會基督教台灣浸會神學院,8,30251000,80000,80000,0,0,0.26,10000
105,私立,宗教研修學院,1R03,臺北基督學院,13,62286667,0,0,0,0,0,0
105,私立,宗教研修學院,1R04,財團法人一貫道天皇基金會一貫道天皇學院,9,19296366,0,0,0,0,0,0
105,私立,宗教研修學院,1R05,台神學校財團法人台灣神學研究學院,14,143163800,0,0,0,0,0,0
105,私立,宗教研修學院,1R06,一貫道崇德學院,3,50721997,0,0,0,0,0,0
105,公立,一般大學,3002,臺北市立大學,329,1640313257,316389053,313825916,2495137,68000,19.29,961668.85
106,公立,一般大學,0001,國立政治大學,722,3912533411,878114627,819784007,4722408,53608212,22.44,1216225.25
106,公立,一般大學,0002,國立清華大學,824,6519121444,2555831231,2181643040,266302437,107885754,39.21,3101736.93
106,公立,一般大學,0003,國立臺灣大學,2045,16976767416,8171746770,7516553901,330204852,324988017,48.13,3995964.19
106,公立,一般大學,0004,國立臺灣師範大學,826,5465414719,2302259906,2204864599,60067724,37327583,42.12,2787239.60
106,公立,一般大學,0005,國立成功大學,1326,8536218761,4945929594,4174974632,398529848,372425114,57.94,3729961.99
106,公立,一般大學,0006,國立中興大學,769,4564723922,2165499420,1815982291,282212871,67304258,47.44,2815994.04
106,公立,一般大學,0007,國立交通大學,722,5783589181,3109498831,2646699847,276289412,186509572,53.76,4306785.08
106,公立,一般大學,0008,國立中央大學,653,4165452334,2370348432,2023319058,150935693,196093681,56.90,3629936.34
106,公立,一般大學,0009,國立中山大學,509,3413908280,1447517684,1215207593,152245767,80064324,42.40,2843846.14
106,公立,一般大學,0012,國立臺灣海洋大學,414,2352371342,906503695,712907886,137931138,55664671,38.54,2189622.45
106,公立,一般大學,0013,國立中正大學,542,2600494692,933891136,920471420,7481276,5938440,35.91,1723046.38
106,公立,一般大學,0014,國立高雄師範大學,290,1381728279,373772370,339359278,5022920,29390172,27.05,1288870.24
106,公立,一般大學,0015,國立彰化師範大學,373,1618740102,415242522,387365784,23025613,4851125,25.65,1113250.73
106,公立,一般大學,0016,國立陽明大學,398,2522807563,1160934896,1075775940,48956526,36202430,46.02,2916921.85
106,公立,一般大學,0017,國立臺北大學,380,1607467289,260421264,247533523,6342195,6545546,16.20,685319.12
106,公立,一般大學,0018,國立嘉義大學,515,2212042981,544396998,475701035,56357545,12338418,24.61,1057081.55
106,公立,一般大學,0019,國立高雄大學,235,1047277083,287733089,259042272,21045848,7644969,27.47,1224396.12
106,公立,一般大學,0020,國立東華大學,492,2232589288,436663895,385455171,39031733,12176991,19.56,887528.24
106,公立,一般大學,0021,國立暨南國際大學,268,1291740301,408514634,400633327,3279768,4601539,31.63,1524308.34
106,公立,技專校院,0022,國立臺灣科技大學,458,2912961297,1393625435,1095572004,224033077,74020354,47.84,3042850.29
106,公立,技專校院,0023,國立雲林科技大學,365,2145164089,1012447225,916034640,72549657,23862928,47.20,2773828.01
106,公立,技專校院,0024,國立屏東科技大學,398,2221952200,859337514,696765961,143361608,19209945,38.67,2159139.48
106,公立,技專校院,0025,國立臺北科技大學,470,3563510396,1248309301,1050646679,149097142,48565480,35.03,2655977.24
106,公立,技專校院,0026,國立高雄第一科技大學,269,1615553498,540783014,446617786,68712361,25452867,33.47,2010345.78
106,公立,技專校院,0027,國立高雄應用科技大學,351,1803358987,658449474,579577410,53536316,25335748,36.51,1875924.43
106,公立,一般大學,0028,國立臺北藝術大學,160,810445899,177328648,157238518,14558000,5532130,21.88,1108304.05
106,公立,一般大學,0029,國立臺灣藝術大學,162,994591391,81688908,76664445,2132500,2891963,8.21,504252.52
106,公立,一般大學,0030,國立臺東大學,192,905962316,362814383,341978420,6075812,14760151,40.05,1889658.24
106,公立,一般大學,0031,國立宜蘭大學,233,1199203595,304793275,262390348,38007555,4395372,25.42,1308125.64
106,公立,一般大學,0032,國立聯合大學,288,1204299668,320805201,281757861,31479484,7567856,26.64,1113906.95
106,公立,技專校院,0033,國立虎尾科技大學,329,1653341403,652142705,572008737,48609096,31524872,39.44,1982196.67
106,公立,技專校院,0034,國立高雄海洋科技大學,230,1215609277,348004194,221776568,111293866,14933760,28.63,1513061.71
106,公立,一般大學,0035,國立臺南藝術大學,105,539168779,114786456,110455903,2832524,1498029,21.29,1093204.34
106,公立,一般大學,0036,國立臺南大學,237,1020141226,280024184,232155902,27545544,20322738,27.45,1181536.64
106,公立,一般大學,0037,國立臺北教育大學,223,1356646186,412641002,405757886,2443272,4439844,30.42,1850408.08
106,公立,一般大學,0039,國立臺中教育大學,199,1060406085,236103735,230982181,5121554,0,22.27,1186450.93
106,公立,技專校院,0042,國立澎湖科技大學,123,526957076,90719971,82242013,8477958,0,17.22,737560.74
106,公立,技專校院,0043,國立勤益科技大學,281,1439796684,338742751,284220611,37562190,16959950,23.53,1205490.22
106,公立,一般大學,0044,國立體育大學,101,613122369,80360323,67185316,8804423,4370584,13.11,795646.76
106,公立,技專校院,0046,國立臺北護理健康大學,174,776527963,172882788,163143340,6241223,3498225,22.26,993579.24
106,公立,技專校院,0047,國立高雄餐旅大學,149,746687891,199407521,184364756,12578965,2463800,26.71,1338305.51
106,公立,一般大學,0048,國立金門大學,149,631620441,53204493,49785410,1187083,2232000,8.42,357077.13
106,公立,一般大學,0049,國立臺灣體育運動大學,108,576716314,26467369,11947709,12459660,2060000,4.59,245068.23
106,公立,技專校院,0050,國立臺中科技大學,405,1691822137,149867569,127112928,16197332,6557309,8.86,370043.38
106,公立,技專校院,0051,國立臺北商業大學,208,989401758,117851764,101726869,11760509,4364386,11.91,566595.02
106,公立,一般大學,0052,國立屏東大學,339,1459446640,486006748,467498879,7335028,11172841,33.30,1433648.22
106,公立,技專校院,0144,國立臺灣戲曲學院,34,566992884,15389081,5591280,4132000,5665801,2.71,452620.03
106,公立,技專校院,0221,國立臺南護理專科學校,85,275287457,19206573,17018573,1308000,880000,6.98,225959.68
106,公立,技專校院,0222,國立臺東專科學校,64,382303844,23676307,21879707,1372600,424000,6.19,369942.30
106,私立,一般大學,1001,東海大學,533,2659538309,400680937,356171150,30712597,13797190,15.07,751746.60
106,私立,一般大學,1002,輔仁大學,698,4077625929,363274572,322152465,11680117,29441990,8.91,520450.68
106,私立,一般大學,1003,東吳大學,435,2261886938,240988016,214947898,14833349,11206769,10.65,553995.44
106,私立,一般大學,1004,中原大學,482,3111396348,671791766,590809870,33632956,47348940,21.59,1393758.85
106,私立,一般大學,1005,淡江大學,759,3707481833,424174356,399791291,18483615,5899450,11.44,558859.49
106,私立,一般大學,1006,中國文化大學,746,3794297382,247266912,220815829,17195730,9255353,6.52,331456.99
106,私立,一般大學,1007,逢甲大學,649,4051335518,1131718118,1023706506,69544813,38466799,27.93,1743787.55
106,私立,一般大學,1008,靜宜大學,368,1776407246,324418451,299562409,20810317,4045725,18.26,881571.88
106,私立,一般大學,1009,長庚大學,596,4550924532,592943082,513496623,69341755,10104704,13.03,994870.94
106,私立,一般大學,1010,元智大學,309,1750775264,342807778,269807336,30738626,42261816,19.58,1109410.28
106,私立,一般大學,1011,中華大學,255,1147466483,134047468,114440277,10727241,8879950,11.68,525676.35
106,私立,一般大學,1012,大葉大學,336,1698585658,277266379,238843649,28601292,9821438,16.32,825197.56
106,私立,一般大學,1013,華梵大學,109,379535127,43262853,42031253,934260,297340,11.40,396906.91
106,私立,一般大學,1014,義守大學,488,2719180120,403900428,283405153,55967136,64528139,14.85,827664.81
106,私立,一般大學,1015,世新大學,326,1777087114,282503443,261588812,10530372,10384259,15.90,866574.98
106,私立,一般大學,1016,銘傳大學,591,2713410887,236103470,223492732,7265545,5345193,8.70,399498.26
106,私立,一般大學,1017,實踐大學,399,1839725202,158292746,142833939,10617840,4840967,8.60,396723.67
106,私立,技專校院,1018,朝陽科技大學,400,2279895217,405289123,318605140,52266722,34417261,17.78,1013222.81
106,私立,一般大學,1019,高雄醫學大學,557,3022599085,916605130,652850920,256889595,6864615,30.33,1645610.65
106,私立,一般大學,1020,南華大學,217,1390965366,81006013,77944541,1866699,1194773,5.82,373299.60
106,私立,一般大學,1021,真理大學,280,819009642,27803239,27645239,158000,0,3.39,99297.28
106,私立,一般大學,1022,大同大學,165,809646637,153449570,112726105,37073465,3650000,18.95,929997.39
106,私立,技專校院,1023,南臺學校財團法人南臺科技大學,578,2708663546,729640759,585186859,91144183,53309717,26.94,1262354.25
106,私立,技專校院,1024,崑山科技大學,359,1783841151,461075742,412096619,39827828,9151295,25.85,1284333.54
106,私立,技專校院,1025,嘉藥學校財團法人嘉南藥理大學,478,2127029150,215504280,171074830,43330426,1099024,10.13,450845.77
106,私立,技專校院,1026,樹德科技大學,281,1418349328,145977584,117773142,21734442,6470000,10.29,519493.18
106,私立,一般大學,1027,慈濟學校財團法人慈濟大學,251,1534514056,402088304,161872900,3707018,236508386,26.20,1601945.43
106,私立,一般大學,1028,臺北醫學大學,620,4102847885,1426704361,1049796432,344419105,32488824,34.77,2301136.07
106,私立,一般大學,1029,中山醫學大學,399,1616900004,496960025,326303296,42704725,127952004,30.74,1245513.85
106,私立,技專校院,1030,龍華科技大學,242,1284521935,254743861,207491506,28841135,18411220,19.83,1052660.58
106,私立,技專校院,1031,輔英科技大學,331,1211298568,146295927,132703039,10635162,2957726,12.08,441981.65
106,私立,技專校院,1032,明新學校財團法人明新科技大學,372,841282960,97406298,73229540,17791912,6384846,11.58,261844.89
106,私立,一般大學,1033,長榮大學,350,1321610533,167146783,121788881,7798012,37559890,12.65,477562.24
106,私立,技專校院,1034,弘光科技大學,322,1641641862,276479864,222146132,50292606,4041126,16.84,858633.12
106,私立,一般大學,1035,中國醫藥大學,484,4418113699,1135521212,582511922,536357083,16652207,25.70,2346118.21
106,私立,技專校院,1036,健行學校財團法人健行科技大學,299,1262765611,161627023,137869812,16070063,7687148,12.80,540558.61
106,私立,技專校院,1037,正修學校財團法人正修科技大學,437,2139316545,468150670,269923549,164130836,34096285,21.88,1071283
106,私立,技專校院,1038,萬能學校財團法人萬能科技大學,248,1172301800,70649193,55783488,11655705,3210000,6.03,284875.78
106,私立,一般大學,1039,玄奘大學,143,648243855,120752650,113133344,5313290,2306016,18.63,844424.13
106,私立,技專校院,1040,建國科技大學,263,1099339907,106460151,86166922,16248329,4044900,9.68,404791.45
106,私立,技專校院,1041,明志科技大學,196,2276690774,254915139,189246769,64061697,1606673,11.20,1300587.44
106,私立,技專校院,1042,高苑科技大學,264,817665963,170445106,159400632,7908574,3135900,20.85,645625.40
106,私立,技專校院,1043,大仁科技大學,250,863279331,126789316,106669887,15274729,4844700,14.69,507157.26
106,私立,技專校院,1044,聖約翰科技大學,187,559214267,76707620,66508739,8684574,1514307,13.72,410201.18
106,私立,技專校院,1045,嶺東科技大學,264,1140507040,84115525,70823382,11855143,1437000,7.38,318619.41
106,私立,技專校院,1046,中國科技大學,305,1377442814,161312950,149914086,4845030,6553834,11.71,528894.92
106,私立,技專校院,1047,中臺科技大學,275,1072044033,128355738,112414158,4271130,11670450,11.97,466748.14
106,私立,一般大學,1048,亞洲大學,400,1973903389,397907903,357934055,18853917,21119931,20.16,994769.76
106,私立,一般大學,1049,開南大學,258,905484107,22774650,19764650,3010000,0,2.52,88273.84
106,私立,一般大學,1050,佛光大學,176,736811501,111998278,105135057,3331770,3531451,15.20,636353.85
106,私立,技專校院,1051,台南家專學校財團法人台南應用科技大學,333,1455179025,120749668,84311203,26802925,9635540,8.30,362611.62
106,私立,技專校院,1052,遠東科技大學,232,935968647,254374312,215619868,34572005,4182439,27.18,1096441
106,私立,技專校院,1053,光宇學校財團法人元培醫事科技大學,220,815530669,94530103,83393724,7475960,3660419,11.59,429682.29
106,私立,技專校院,1054,景文科技大學,201,817384463,113027016,76075128,28106918,8844970,13.83,562323.46
106,私立,技專校院,1055,中華醫事科技大學,299,1451124927,38038767,14540234,13601502,9897031,2.62,127219.96
106,私立,技專校院,1056,東南科技大學,210,781735953,89019957,70766570,14169444,4083943,11.39,423904.56
106,私立,技專校院,1057,德明財經科技大學,236,1012186753,89215898,48122717,34071019,7022162,8.81,378033.47
106,私立,一般大學,1058,明道學校財團法人明道大學,130,732087372,40822894,39204894,788000,830000,5.58,314022.26
106,私立,技專校院,1060,南開科技大學,195,668284070,92761774,67429132,24160642,1172000,13.88,475701.41
106,私立,技專校院,1061,中華學校財團法人中華科技大學,231,864877539,74115920,66557777,7238143,320000,8.57,320848.14
106,私立,技專校院,1062,僑光科技大學,227,1055273125,88411731,72320729,10987243,5103759,8.38,389478.99
106,私立,技專校院,1063,廣亞學校財團法人育達科技大學,129,524112336,88383188,79863452,2473600,6046136,16.86,685140.99
106,私立,技專校院,1064,美和學校財團法人美和科技大學,231,853520426,90143397,83272247,3674000,3197150,10.56,390231.16
106,私立,技專校院,1065,吳鳳科技大學,163,635591199,65882844,56092844,9290000,500000,10.37,404189.23
106,私立,技專校院,1066,環球學校財團法人環球科技大學,181,651722879,69389137,60765497,7832640,791000,10.65,383365.40
106,私立,一般大學,1067,台灣首府學校財團法人台灣首府大學,105,354581009,18817646,18115781,420000,281865,5.31,179215.68
106,私立,技專校院,1068,中州學校財團法人中州科技大學,123,465851717,49950546,46074409,1989840,1886297,10.72,406102
106,私立,技專校院,1069,修平學校財團法人修平科技大學,203,789404762,94226919,82659406,9283890,2283623,11.94,464172.01
106,私立,技專校院,1070,長庚學校財團法人長庚科技大學,348,1855532289,181195523,123663931,10624363,46907229,9.77,520676.79
106,私立,技專校院,1071,城市學校財團法人臺北城市科技大學,248,1042404384,48055101,35386988,10012974,2655139,4.61,193770.57
106,私立,技專校院,1072,大華學校財團法人大華科技大學,110,363757972,29749481,27078406,1361075,1310000,8.18,270449.83
106,私立,技專校院,1073,醒吾學校財團法人醒吾科技大學,243,891640599,131703386,113273588,11964540,6465258,14.77,541989.24
106,私立,技專校院,1074,南榮學校財團法人南榮科技大學,103,239288704,8706533,2553033,5203000,950500,3.64,84529.45
106,私立,技專校院,1075,文藻學校財團法人文藻外語大學,270,1141938144,144634077,120282963,5172919,19178195,12.67,535681.77
106,私立,技專校院,1076,華夏學校財團法人華夏科技大學,161,560000000,64413804,58390094,5683000,340710,11.50,400085.74
106,私立,技專校院,1077,慈濟學校財團法人慈濟科技大學,155,691098469,76950496,68992901,1545640,6411955,11.13,496454.81
106,私立,技專校院,1078,致理學校財團法人致理科技大學,275,1070704389,134561769,116328643,14859939,3373187,12.57,489315.52
106,私立,一般大學,1079,康寧學校財團法人康寧大學,162,563830034,16364012,12071694,2510518,1781800,2.90,101012.42
106,私立,技專校院,1080,宏國學校財團法人宏國德霖科技大學,201,664368909,22300891,8255986,13835905,209000,3.36,110949.71
106,私立,技專校院,1081,東方學校財團法人東方設計大學,156,393650836,67569168,56498837,11070331,0,17.16,433135.69
106,私立,技專校院,1082,崇右學校財團法人崇右影藝科技大學,99,400504480,52921431,39167320,13754111,0,13.21,534559.91
106,私立,技專校院,1083,台北海洋學校財團法人台北海洋科技大學,162,743086292,81922250,71953118,4849182,5119950,11.02,505692.90
106,私立,一般大學,1125,中信學校財團法人中信金融管理學院,38,219330090,1516000,1276000,240000,0,0.69,39894.74
106,私立,技專校院,1148,大漢技術學院,57,129611676,5120502,3380502,1680000,60000,3.95,89833.37
106,私立,技專校院,1159,和春技術學院,108,287151555,19508250,13599250,5069000,840000,6.79,180631.94
106,私立,技專校院,1166,亞東技術學院,162,896754141,150801315,132337429,9910412,8553474,16.82,930872.31
106,私立,技專校院,1168,南亞科技學校財團法人南亞技術學院,142,527155300,53091149,44525640,8565509,0,10.07,373881.33
106,私立,一般大學,1176,稻江科技暨管理學院,60,263672484,21218414,20133414,745000,340000,8.05,353640.23
106,私立,技專校院,1182,蘭陽技術學院,84,235215285,6513555,4645610,495000,1372945,2.77,77542.32
106,私立,技專校院,1183,黎明技術學院,154,613674655,48316373,44403898,3912475,0,7.87,313742.68
106,私立,技專校院,1185,經國管理暨健康學院,141,481052945,68240421,64993421,2115000,1132000,14.19,483974.62
106,私立,技專校院,1188,大同技術學院,66,249503121,29331005,24812145,3828860,690000,11.76,444409.17
106,私立,技專校院,1189,亞太學校財團法人亞太創意技術學院,57,335746004,3556516,2297000,1259516,0,1.06,62395.02
106,私立,技專校院,1192,臺灣觀光學院,44,140600487,6881748,3194287,3099693,587768,4.89,156403.36
106,私立,一般大學,1195,馬偕學校財團法人馬偕醫學院,103,701113887,65430807,58323571,4433000,2674236,9.33,635250.55
106,私立,一般大學,1196,法鼓學校財團法人法鼓文理學院,20,3138000,8940000,5802000,0,3138000,284.89,447000
106,私立,技專校院,1282,馬偕學校財團法人馬偕醫護管理專科學校,141,603028197,29982046,24555392,5086654,340000,4.97,212638.62
106,私立,技專校院,1283,仁德醫護管理專科學校,203,606264880,52943457,52743457,200000,0,8.73,260805.21
106,私立,技專校院,1284,樹人醫護管理專科學校,210,620766128,76183506,73853515,878450,1451541,12.27,362778.60
106,私立,技專校院,1285,慈惠醫護管理專科學校,170,524643653,36688416,35826276,260000,602140,6.99,215814.21
106,私立,技專校院,1286,耕莘健康管理專科學校,181,542648246,79365625,78265837,749600,350188,14.63,438484.12
106,私立,技專校院,1287,敏惠醫護管理專科學校,124,53328353,46731138,46137908,439630,153600,87.63,376864.02
106,私立,技專校院,1288,高美醫護管理專科學校,27,87537186,0,0,0,0,0,0
106,私立,技專校院,1289,育英醫護管理專科學校,71,186938690,39975351,39525651,364500,85200,21.38,563033.11
106,私立,技專校院,1290,崇仁醫護管理專科學校,130,353168812,64623995,63379410,99900,1144685,18.30,497107.65
106,私立,技專校院,1291,聖母醫護管理專科學校,111,324781804,47907389,45044679,2322961,539749,14.75,431598.10
106,私立,技專校院,1292,新生醫護管理專科學校,213,507944923,23202559,22146559,1010000,46000,4.57,108932.20
106,私立,宗教研修學院,1R02,學校財團法人中華浸信會基督教台灣浸會神學院,10,25853182,0,0,0,0,0,0
106,私立,宗教研修學院,1R03,臺北基督學院,12,58513793,0,0,0,0,0,0
106,私立,宗教研修學院,1R04,財團法人一貫道天皇基金會一貫道天皇學院,9,750000,750000,750000,0,0,100,83333.33
106,私立,宗教研修學院,1R05,台神學校財團法人台灣神學研究學院,14,59602835,0,0,0,0,0,0
106,私立,宗教研修學院,1R06,一貫道崇德學院,5,29647539,0,0,0,0,0,0
106,公立,一般大學,3002,臺北市立大學,331,1626450422,384087689,375888158,6348000,1851531,23.62,1160385.77
 ,,,,,,,,,,,,
統計說明,,,,,,,,,,,,
一、年度[歷史資料]：係指【年度】為篩選條件。,,,,,,,,,,,,
二、設立別：係指【公立、私立】大學校院等分類。,,,,,,,,,,,,
三、學校類別：係指【一般大學、技專校院、宗教研修學院】等。,,,,,,,,,,,,
四、學校名稱：係指【學校校名】。,,,,,,,,,,,,
五、專任教師數	：,,,,,,,,,,,,
1.	專任教師：係指學校依據「教師法」、「教育人員任用條例」、「大學聘任專業技術人員擔任教學辦法」、「國立大學校務基金進用教學人員研究人員及工作人員實施原則」、「專科學校專業及技術教師遴聘辦法」、「學校教職員退休條例」、「學校法人及其所屬私立學校教職員退休撫卹離職資遣條例」、「公立專科以上學校辦理教授副教授延長服務案件處理要點」、學校制定「專任教師基本授課時數」等相關規定聘任之專任教師數，包括任教中、帶職帶薪、留職停薪及借調到政府單位、學校聘任之境內、外之專任教師，但不包括借調至他校或民間以及僅授課於「附設進修學院及附設進修專校」之專任教師。,,,,,,,,,,,,
2.	專任教師數以每年10月15日為資料統計基準日。例：學校承接計畫經費為105年度者，其專任教師數以當年度10月15日之資料統計數據呈現。,,,,,,,,,,,,
六、全校總經費：   係指統計每年1月1日至每年12月31日學校各式收入之總和，以「財務報表－收入明細表」之總計為準(例如：學雜費收入、推廣教育收入、產學合作收入、其他教學活動收入、補助及捐贈收入、作業收益、財務收入、其他收入)。,,,,,,,,,,,,
七、學校承接計畫經費-政府部門資助：,,,,,,,,,,,,
1.	學校承接計畫：包括產學合作計畫、產學合作基礎/環境建構之補助計畫、學術研究計畫、委訓計畫及其他計畫等項。,,,,,,,,,,,,
2.  政府部門資助計畫經費：係指學校承接計畫之經費來源為中央政府或地方政府，政府部門包含由行政院科技部所訂定之「中華民國科技機構名錄」之總統府及行政院各部會所屬科技機構部分，例如：中央研究院、教育部、經濟部、農委會、科技部…等。,,,,,,,,,,,,
3.  經費：係指為每年3月統計學校前一年度承接政府部門資助之計畫經費。,,,,,,,,,,,,
八、學校承接計畫經費-企業部門資助：,,,,,,,,,,,,
1. 係指學校承接計畫之經費來源為企業部門，而企業部門包括國營與民營企業。,,,,,,,,,,,,
2.  經費：係指為每年3月統計學校前一年度承接企業部門資助之計畫經費。,,,,,,,,,,,,
九、其他單位資助：,,,,,,,,,,,,
1.係指學校承接計畫之經費來源為其他大專校院及其附設醫院和育成中心、法人機構、學會、專業學術團體及其他非營利機構、國外機構等承接計畫，例如：財團法人工業技術研究院、各級醫療院所、農會、漁會、信用合作社等。,,,,,,,,,,,,
2.經費：係指為每年3月統計學校前一年度承接其他部門資助之計畫經費。,,,,,,,,,,,,
十、承接計畫總經費佔全校總經費比率：	係指學校承接【政府部門、企業部門及其他單位資助「各類計畫」總經費】占【全校總經費】之比率。,,,,,,,,,,,,
十一、專任教師每師平均承接計畫總經費： 係指學校承接【政府部門、企業部門及其他單位資助「各類計畫」總經費】除以【全校專任教師數】。,,,,,,,,,,,,
十一、專任教師每師平均承接計畫總經費： 係指學校承接【政府部門、企業部門及其他單位資助「各類計畫」總經費】除以【全校專任教師數】。,,,,,,,,,,,,
十二、資料來源： 資料由【教育部統計處】、【教育部高教司大學校院校務資料庫】之「研9.學校承接產學計畫經費表」、【教育部技職司技專校院校務資料庫】之「表14-1學校承接產學計畫經費與全校總經費資料表」提供，並以每年3月統計前一年度資料為主，其中專任教師數以前一年度10月15日為資料統計基準日。,,,,,,,,,,,,
十三、備註：本表之各項金額數據以新臺幣「元」為統計單位。,,,,,,,,,,,,
